"DIVIPOLA","Departamento","Municipio","Número de Atenciones 2017","Número de Atenciones 2018","Número de Atenciones 2019","Número de Personas Atendidas 2017","Número de Personas Atendidas 2018","Número de Personas Atendidas 2019","Variación 2017 -2018","Variación 2018 - 2019","Total Número de embarazos, partos y puerperios","Total Número de Personas Atendidas de embarazos, partos y puerperios","tasa representativa (aproximación)","Tasa representativa "
"-----","-----","-----","2017","2018","2019","2017","2018","2019","--------","--------","--------","--------","--------","--------"
"-----","-----","-----","3782","31823","40232","1230","11678","17631","89.467374550437","33.764392263627","0","0","#DIV/0!","40%"
"11001","Bogotá, D.C.","     ","160","3387","4980","45","2407","3555","0.98130452845866","0.32292545710267","8527","6003","1 ??/11","70%"
"54001","Norte de Santander","Cúcuta     ","951","6979","5636","336","2067","2007","0.83744557329463","-0.029895366218236","13566","4405","0 ??/10","32%"
"44001","La Guajira","Riohacha     ","110","502","2093","89","398","1480","0.77638190954774","0.73108108108108","2705","1576","1 ??/11","58%"
"44430","La Guajira","Maicao     ","32","428","4288","16","162","1397","0.90123456790123","0.8840372226199","4748","1544","0 ??/10","33%"
"5001"," Antioquia","Medellín     ","34","1323","1927","9","705","1264","0.98723404255319","0.44224683544304","3284","1976","1 ??/11","60%"
"20001","Cesar","Valledupar     ","78","418","798","56","301","489","0.81395348837209","0.38445807770961","1294","843","1 ??/11","65%"
"8001","Atlántico","Barranquilla     ","481","2117","1461","143","579","445","0.75302245250432","-0.30112359550562","4059","1166","0 ??/10","29%"
"81001","Arauca","Arauca     ","45","666","1062","19","278","393","0.93165467625899","0.29262086513995","1773","677","0 ??/10","38%"
"68001","Santander","Bucaramanga     ","","85","628","","50","388","1","0.87113402061856","713","412","1 ??/11","58%"
"54874","Norte de Santander","Villa Del Rosario   ","112","853","676","39","256","250","0.84765625","-0.024","1641","544","0 ??/10","33%"
"25754","Cundinamarca","Soacha     ","208","1037","825","27","178","246","0.84831460674157","0.27642276422764","2070","424","0 ??/10","20%"
"54498","Norte de Santander","Ocaña     ","47","200","617","10","137","181","0.92700729927007","0.24309392265193","864","327","0 ??/10","38%"
"8758","Atlántico","Soledad     ","","701","341","","388","168","1","-1.3095238095238","1042","556","1 ??/11","53%"
"81736","Arauca","Saravena     ","12","127","133","11","111","132","0.9009009009009","0.15909090909091","272","254","1 ??/11","93%"
"81065","Arauca","Arauquita     ","12","128","226","8","80","131","0.9","0.38931297709924","366","219","1 ??/11","60%"
"85001","Casanare","Yopal     ","","172","287","","99","123","1","0.19512195121951","459","222","0 ??/10","48%"
"13001","Bolívar","Cartagena     ","113","300","139","84","196","115","0.57142857142857","-0.70434782608696","552","391","1 ??/11","71%"
"54810","Norte de Santander","Tibú     ","43","242","276","17","74","110","0.77027027027027","0.32727272727273","561","200","0 ??/10","36%"
"50001","Meta","Villavicencio     ","","86","208","","49","109","1","0.55045871559633","294","158","1 ??/11","54%"
"47189","Magdalena","Ciénaga     ","29","266","197","1","110","106","0.99090909090909","-0.037735849056604","492","217","0 ??/10","44%"
"20011","Cesar","Aguachica     ","23","67","316","7","23","99","0.69565217391304","0.76767676767677","406","129","0 ??/10","32%"
"68081","Santander","Barrancabermeja     ","","97","138","","68","95","1","0.28421052631579","235","163","1 ??/11","69%"
"81794","Arauca","Tame     ","9","97","118","8","79","90","0.89873417721519","0.12222222222222","224","177","1 ??/11","79%"
"44279","La Guajira","Fonseca     ","17","193","185","10","76","85","0.86842105263158","0.10588235294118","395","170","0 ??/10","43%"
"47001","Magdalena","Santa Marta    ","674","1942","1137","26","93","78","0.72043010752688","-0.19230769230769","3753","197","0 ??/10","5%"
"5088"," Antioquia","Bello     ","14","153","206","4","52","76","0.92307692307692","0.31578947368421","373","132","0 ??/10","35%"
"44650","La Guajira","San Juan Del Cesar  ","21","144","161","12","47","76","0.74468085106383","0.38157894736842","326","135","0 ??/10","41%"
"76001","Valle del Cauca","Cali     ","10","88","109","5","46","63","0.89130434782609","0.26984126984127","207","114","1 ??/11","55%"
"94001","Guainía","Inírida     ","","144","137","","47","56","1","0.16071428571429","281","103","0 ??/10","37%"
"25269","Cundinamarca","Facatativá     ","7","242","223","5","39","55","0.87179487179487","0.29090909090909","472","98","0 ??/10","21%"
"47245","Magdalena","El Banco    ","","537","471","","98","54","1","-0.81481481481481","1008","152","0 ??/10","15%"
"54405","Norte de Santander","Los Patios    ","61","208","132","23","67","51","0.65671641791045","-0.31372549019608","401","140","0 ??/10","35%"
"13430","Bolívar","Magangué     ","","23","128","","9","47","1","0.80851063829787","151","56","0 ??/10","37%"
"25473","Cundinamarca","Mosquera     ","","148","170","","18","46","1","0.60869565217391","318","64","0 ??/10","20%"
"25175","Cundinamarca","Chía     ","","","122","","","44","#DIV/0!","1","122","44","0 ??/10","36%"
"54261","Norte de Santander","El Zulia    ","25","116","142","10","34","44","0.70588235294118","0.22727272727273","283","88","0 ??/10","31%"
"44078","La Guajira","Barrancas     ","9","98","84","4","35","42","0.88571428571429","0.16666666666667","191","81","0 ??/10","42%"
"15001","Boyacá","Tunja     ","","","218","","","41","#DIV/0!","1","218","41","0 ??/10","19%"
"20710","Cesar","San Alberto    ","","11","85","","3","41","1","0.92682926829268","96","43","0 ??/10","45%"
"15238","Boyacá","Duitama     ","","3","95","","2","38","1","0.94736842105263","98","40","0 ??/10","41%"
"25430","Cundinamarca","Madrid     ","","81","170","","18","38","1","0.52631578947368","251","56","0 ??/10","22%"
"41001","Huila","Neiva     ","","64","132","","17","38","1","0.55263157894737","196","55","0 ??/10","28%"
"66001","Risaralda","Pereira     ","","","136","","","38","#DIV/0!","1","136","38","0 ??/10","28%"
"5615"," Antioquia","Rionegro     ","3","21","112","2","7","37","0.71428571428571","0.81081081081081","136","46","0 ??/10","34%"
"54553","Norte de Santander","Puerto Santander    ","33","56","111","13","18","36","0.27777777777778","0.5","200","67","0 ??/10","34%"
"68547","Santander","Piedecuesta     ","","13","65","","10","34","1","0.70588235294118","78","42","1 ??/11","54%"
"5440"," Antioquia","Marinilla     ","","18","100","","4","33","1","0.87878787878788","118","37","0 ??/10","31%"
"20400","Cesar","La Jagua De Ibirico  ","14","56","45","11","31","33","0.64516129032258","0.060606060606061","115","64","1 ??/11","56%"
"20770","Cesar","San Martín    ","9","20","58","2","7","32","0.71428571428571","0.78125","87","41","0 ??/10","47%"
"76834","Valle del Cauca","Tuluá     ","","","51","","","31","#DIV/0!","1","51","31","1 ??/11","61%"
"81300","Arauca","Fortul     ","4","19","51","3","17","30","0.82352941176471","0.43333333333333","74","50","1 ??/11","68%"
"54003","Norte de Santander","Abrego     ","16","16","97","3","9","29","0.66666666666667","0.68965517241379","129","41","0 ??/10","32%"
"20228","Cesar","Curumaní     ","3","34","43","2","22","28","0.90909090909091","0.21428571428571","80","48","1 ??/11","60%"
"44378","La Guajira","Hatonuevo     ","17","76","58","9","23","28","0.60869565217391","0.17857142857143","151","60","0 ??/10","40%"
"68307","Santander","Girón     ","","11","69","","5","28","1","0.82142857142857","80","28","0 ??/10","35%"
"44847","La Guajira","Uribia     ","24","375","76","7","61","27","0.88524590163934","-1.2592592592593","475","91","0 ??/10","19%"
"47288","Magdalena","Fundación     ","","389","293","","37","25","1","-0.48","682","62","0 ??/10","9%"
"47555","Magdalena","Plato     ","","885","364","","47","25","1","-0.88","1249","72","0 ??/10","6%"
"52356","Nariño","Ipiales     ","","27","57","","14","24","1","0.41666666666667","84","38","0 ??/10","45%"
"5360"," Antioquia","Itagui     ","8","27","70","2","8","23","0.75","0.65217391304348","105","33","0 ??/10","31%"
"23001","Córdoba","Montería     ","","24","67","","13","23","1","0.43478260869565","91","36","0 ??/10","40%"
"85250","Casanare","Paz De Ariporo   ","","74","64","","20","23","1","0.1304347826087","138","43","0 ??/10","31%"
"17001","Caldas","Manizales     ","","15","32","","10","22","1","0.54545454545455","47","32","1 ??/11","68%"
"54250","Norte de Santander","El Tarra    ","2","7","98","1","6","22","0.83333333333333","0.72727272727273","107","29","0 ??/10","27%"
"70001","Sucre","Sincelejo     ","21","55","50","4","17","22","0.76470588235294","0.22727272727273","126","43","0 ??/10","34%"
"20250","Cesar","El Paso    ","6","32","32","5","20","21","0.75","0.047619047619048","70","42","1 ??/11","60%"
"47980","Magdalena","Zona Bananera    ","","73","63","","20","21","1","0.047619047619048","136","41","0 ??/10","30%"
"50006","Meta","Acacías     ","","7","41","","4","21","1","0.80952380952381","48","25","1 ??/11","52%"
"54206","Norte de Santander","Convención     ","5","23","76","2","14","21","0.85714285714286","0.33333333333333","104","37","0 ??/10","36%"
"20238","Cesar","El Copey    ","","17","23","","5","19","1","0.73684210526316","40","24","1 ??/11","60%"
"68406","Santander","Lebríja     ","","4","56","","3","19","1","0.84210526315789","60","19","0 ??/10","32%"
"70713","Sucre","San Onofre    ","","2","23","","2","18","1","0.88888888888889","25","20","1 ??/11","80%"
"25286","Cundinamarca","Funza     ","","37","58","","9","17","1","0.47058823529412","95","26","0 ??/10","27%"
"44098","La Guajira","Distracción     ","8","23","40","3","8","17","0.625","0.52941176470588","71","28","0 ??/10","39%"
"47058","Magdalena","Ariguaní     ","","173","148","","21","17","1","-0.23529411764706","321","38","0 ??/10","12%"
"54518","Norte de Santander","Pamplona     ","34","53","38","10","19","17","0.47368421052632","-0.11764705882353","125","45","0 ??/10","36%"
"68276","Santander","Floridablanca     ","","15","40","","6","17","1","0.64705882352941","55","19","0 ??/10","35%"
"54720","Norte de Santander","Sardinata     ","","35","37","","11","16","1","0.3125","72","27","0 ??/10","38%"
"85139","Casanare","Maní     ","","96","43","","17","16","1","-0.0625","139","33","0 ??/10","24%"
"5129"," Antioquia","Caldas     ","","6","35","","2","15","1","0.86666666666667","41","17","0 ??/10","41%"
"13244","Bolívar","El Carmen De Bolívar  ","","3","54","","1","15","1","0.93333333333333","57","16","0 ??/10","28%"
"15759","Boyacá","Sogamoso     ","","","29","","","15","#DIV/0!","1","29","15","1 ??/11","52%"
"20550","Cesar","Pelaya     ","14","5","39","4","2","15","-1","0.86666666666667","58","20","0 ??/10","34%"
"20621","Cesar","La Paz    ","4","41","20","3","21","15","0.85714285714286","-0.4","65","36","1 ??/11","55%"
"25260","Cundinamarca","El Rosal    ","","59","66","","9","15","1","0.4","125","24","0 ??/10","19%"
"68655","Santander","Sabana De Torres   ","","14","32","","10","15","1","0.33333333333333","46","24","1 ??/11","52%"
"68679","Santander","San Gil    ","","15","24","","8","15","1","0.46666666666667","39","23","1 ??/11","59%"
"85010","Casanare","Aguazul     ","","11","25","","7","15","1","0.53333333333333","36","22","1 ??/11","61%"
"85440","Casanare","Villanueva     ","","16","46","","5","15","1","0.66666666666667","62","19","0 ??/10","31%"
"20383","Cesar","La Gloria    ","3","2","33","1","1","14","0","0.92857142857143","38","16","0 ??/10","42%"
"44090","La Guajira","Dibulla     ","","","18","","","14","#DIV/0!","1","18","14","1 ??/11","78%"
"47551","Magdalena","Pivijay     ","","26","20","","16","14","1","-0.14285714285714","46","30","1 ??/11","65%"
"13468","Bolívar","Mompós     ","","9","28","","2","13","1","0.84615384615385","37","15","0 ??/10","41%"
"13620","Bolívar","San Cristóbal    ","2","25","28","2","8","13","0.75","0.38461538461538","55","23","0 ??/10","42%"
"20178","Cesar","Chiriguaná     ","4","23","19","4","15","13","0.73333333333333","-0.15384615384615","46","28","1 ??/11","61%"
"44874","La Guajira","Villanueva     ","3","38","26","3","13","13","0.76923076923077","0","67","29","0 ??/10","43%"
"50313","Meta","Granada     ","3","8","28","1","4","13","0.75","0.69230769230769","39","18","0 ??/10","46%"
"5148"," Antioquia","El Carmen De Viboral  ","","4","33","","3","12","1","0.75","37","15","0 ??/10","41%"
"23162","Córdoba","Cereté     ","","","13","","","11","#DIV/0!","1","13","11","1 ??/11","85%"
"41551","Huila","Pitalito     ","","19","149","","2","11","1","0.81818181818182","168","13","0 ??/10","8%"
"68432","Santander","Málaga     ","","19","12","","17","11","1","-0.54545454545455","31","28","1 ??/11","90%"
"19001","Cauca","Popayán     ","","11","31","","6","10","1","0.4","42","16","0 ??/10","38%"
"19698","Cauca","Santander De Quilichao   ","","","19","","","10","#DIV/0!","1","19","10","1 ??/11","53%"
"20060","Cesar","Bosconia     ","","4","22","","2","10","1","0.8","26","12","0 ??/10","46%"
"20517","Cesar","Pailitas     ","4","8","20","1","4","10","0.75","0.6","32","15","0 ??/10","47%"
"20614","Cesar","Río De Oro   ","","4","36","","2","10","1","0.8","40","12","0 ??/10","30%"
"20750","Cesar","San Diego    ","3","23","11","3","13","10","0.76923076923077","-0.3","37","23","1 ??/11","62%"
"52001","Nariño","Pasto     ","","","43","","","10","#DIV/0!","1","43","10","0 ??/10","23%"
"66682","Risaralda","Santa Rosa De Cabal  ","","","25","","","10","#DIV/0!","1","25","10","0 ??/10","40%"
"86568","Putumayo","Puerto Asís    ","","6","14","","2","10","1","0.8","20","12","1 ??/11","60%"
"91669","Amazonas","Puerto Santander    ","","14","21","","5","10","1","0.5","35","15","0 ??/10","43%"
"5212"," Antioquia","Copacabana     ","","2","41","","1","9","1","0.88888888888889","43","10","0 ??/10","23%"
"5266"," Antioquia","Envigado     ","","1","25","","1","9","1","0.88888888888889","26","10","0 ??/10","38%"
"5308"," Antioquia","Girardota     ","","13","31","","2","9","1","0.77777777777778","44","11","0 ??/10","25%"
"5631"," Antioquia","Sabaneta     ","4","5","25","1","1","9","0","0.88888888888889","34","11","0 ??/10","32%"
"13688","Bolívar","Santa Rosa Del Sur  ","1","7","12","1","5","9","0.8","0.44444444444444","20","15","1 ??/11","75%"
"15407","Boyacá","Villa De Leyva   ","","","28","","","9","#DIV/0!","1","28","9","0 ??/10","32%"
"44035","La Guajira","Albania     ","2","40","12","1","21","9","0.95238095238095","-1.3333333333333","54","31","1 ??/11","57%"
"54172","Norte de Santander","Chinácota     ","3","28","35","1","8","9","0.875","0.11111111111111","66","18","0 ??/10","27%"
"54670","Norte de Santander","San Calixto    ","6","3","22","1","1","9","0","0.88888888888889","31","11","0 ??/10","35%"
"54800","Norte de Santander","Teorama     ","10","1","18","1","1","9","0","0.88888888888889","29","11","0 ??/10","38%"
"68575","Santander","Puerto Wilches    ","2","19","23","2","10","9","0.8","-0.11111111111111","44","20","0 ??/10","45%"
"68755","Santander","Socorro     ","","30","10","","19","9","1","-1.1111111111111","40","28","1 ??/11","70%"
"85162","Casanare","Monterrey     ","","12","20","","5","9","1","0.44444444444444","32","14","0 ??/10","44%"
"5380"," Antioquia","La Estrella    ","","11","15","","3","8","1","0.625","26","11","0 ??/10","42%"
"5736"," Antioquia","Segovia     ","","","47","","","8","#DIV/0!","1","47","8","0 ??/10","17%"
"8421","Atlántico","Luruaco     ","","47","43","","13","8","1","-0.625","90","21","0 ??/10","23%"
"8433","Atlántico","Malambo     ","","22","16","","16","8","1","-1","38","24","1 ??/11","63%"
"8638","Atlántico","Sabanalarga     ","","180","21","","50","8","1","-5.25","201","58","0 ??/10","29%"
"13836","Bolívar","Turbaco     ","5","13","10","4","9","8","0.55555555555556","-0.125","28","21","1 ??/11","75%"
"20295","Cesar","Gamarra     ","","","27","","","8","#DIV/0!","1","27","8","0 ??/10","30%"
"20443","Cesar","Manaure     ","","19","12","","7","8","1","0.125","31","15","0 ??/10","48%"
"44560","La Guajira","Manaure     ","","15","39","","2","8","1","0.75","54","10","0 ??/10","19%"
"47053","Magdalena","Aracataca     ","","114","97","","11","8","1","-0.375","211","18","0 ??/10","9%"
"47460","Magdalena","Nueva Granada    ","","96","81","","7","8","1","0.125","177","14","0 ??/10","8%"
"47707","Magdalena","Santa Ana    ","","68","50","","3","8","1","0.625","118","11","0 ??/10","9%"
"68077","Santander","Barbosa     ","","23","23","","9","8","1","-0.125","46","17","0 ??/10","37%"
"68689","Santander","San Vicente De Chucurí  ","","5","21","","4","8","1","0.5","26","12","0 ??/10","46%"
"5656"," Antioquia","San Jerónimo    ","","36","41","","6","7","1","0.14285714285714","77","13","0 ??/10","17%"
"5660"," Antioquia","San Luis    ","","","24","","","7","#DIV/0!","1","24","7","0 ??/10","29%"
"13433","Bolívar","Mahates     ","4","6","7","3","3","7","0","0.57142857142857","17","13","1 ??/11","76%"
"15223","Boyacá","Cubará     ","","11","7","","9","7","1","-0.28571428571429","18","14","1 ??/11","78%"
"15516","Boyacá","Paipa     ","","6","11","","2","7","1","0.71428571428571","17","9","1 ??/11","53%"
"20045","Cesar","Becerril     ","5","2","9","3","1","7","-2","0.85714285714286","16","11","1 ??/11","69%"
"25645","Cundinamarca","San Antonio Del Tequendama  ","","","24","","","7","#DIV/0!","1","24","7","0 ??/10","29%"
"44110","La Guajira","El Molino    ","3","9","12","2","3","7","0.33333333333333","0.57142857142857","24","12","0 ??/10","50%"
"47692","Magdalena","San Sebastián De Buenavista  ","","24","72","","4","7","1","0.42857142857143","96","11","0 ??/10","11%"
"54377","Norte de Santander","Labateca     ","","","23","","","7","#DIV/0!","1","23","7","0 ??/10","30%"
"70670","Sucre","Sampués     ","","14","9","","3","7","1","0.57142857142857","23","10","0 ??/10","43%"
"73268","Tolima","Espinal     ","","","17","","","7","#DIV/0!","1","17","7","0 ??/10","41%"
"81591","Arauca","Puerto Rondón    ","","6","7","","4","7","1","0.42857142857143","13","11","1 ??/11","85%"
"85263","Casanare","Pore     ","","7","21","","3","7","1","0.57142857142857","28","10","0 ??/10","36%"
"5756"," Antioquia","Sonson     ","","4","19","","1","6","1","0.83333333333333","23","7","0 ??/10","30%"
"25653","Cundinamarca","San Cayetano    ","","","17","","","6","#DIV/0!","1","17","6","0 ??/10","35%"
"47258","Magdalena","El Piñon    ","","11","9","","9","6","1","-0.5","20","15","1 ??/11","75%"
"47318","Magdalena","Guamal     ","","7","50","","3","6","1","0.5","57","9","0 ??/10","16%"
"50568","Meta","Puerto Gaitán    ","","14","12","","5","6","1","0.16666666666667","26","11","0 ??/10","42%"
"54128","Norte de Santander","Cachirá     ","","51","15","","15","6","1","-1.5","66","21","0 ??/10","32%"
"54660","Norte de Santander","Salazar     ","3","11","15","1","4","6","0.75","0.33333333333333","29","11","0 ??/10","38%"
"54820","Norte de Santander","Toledo     ","2","","9","1","","6","#DIV/0!","1","11","7","1 ??/11","64%"
"68615","Santander","Rionegro     ","","3","17","","1","6","1","0.83333333333333","20","6","0 ??/10","30%"
"68861","Santander","Vélez     ","","8","14","","3","6","1","0.5","22","9","0 ??/10","41%"
"5079"," Antioquia","Barbosa     ","","4","21","","1","5","1","0.8","25","6","0 ??/10","24%"
"5318"," Antioquia","Guarne     ","","11","19","","3","5","1","0.4","30","8","0 ??/10","27%"
"13042","Bolívar","Arenal     ","","4","11","","2","5","1","0.6","15","5","0 ??/10","33%"
"13670","Bolívar","San Pablo    ","","","8","","","5","#DIV/0!","1","8","5","1 ??/11","63%"
"13810","Bolívar","Tiquisio     ","","","8","","","5","#DIV/0!","1","8","5","1 ??/11","63%"
"15047","Boyacá","Aquitania     ","","","14","","","5","#DIV/0!","1","14","5","0 ??/10","36%"
"15646","Boyacá","Samacá     ","","","15","","","5","#DIV/0!","1","15","5","0 ??/10","33%"
"15806","Boyacá","Tibasosa     ","","","7","","","5","#DIV/0!","1","7","5","1 ??/11","71%"
"20013","Cesar","Agustín Codazzi    ","4","11","6","4","6","5","0.33333333333333","-0.2","21","15","1 ??/11","71%"
"25320","Cundinamarca","Guaduas     ","","42","17","","3","5","1","0.4","59","8","0 ??/10","14%"
"25658","Cundinamarca","San Francisco    ","","2","15","","1","5","1","0.8","17","6","0 ??/10","35%"
"25740","Cundinamarca","Sibaté     ","","","24","","","5","#DIV/0!","1","24","5","0 ??/10","21%"
"44855","La Guajira","Urumita     ","","10","8","","4","5","1","0.2","18","9","0 ??/10","50%"
"50110","Meta","Barranca De Upía   ","3","2","11","1","1","5","0","0.8","16","7","0 ??/10","44%"
"63001","Quindio","Armenia     ","","","9","","","5","#DIV/0!","1","9","5","1 ??/11","56%"
"68209","Santander","Confines     ","","3","6","","2","5","1","0.6","9","7","1 ??/11","78%"
"70215","Sucre","Corozal     ","","1","7","","1","5","1","0.8","8","6","1 ??/11","75%"
"70823","Sucre","Tolú Viejo    ","","4","13","","2","5","1","0.6","17","7","0 ??/10","41%"
"85410","Casanare","Tauramena     ","","3","12","","3","5","1","0.4","15","8","1 ??/11","53%"
"5045"," Antioquia","Apartadó     ","6","14","14","3","6","4","0.5","-0.5","34","13","0 ??/10","38%"
"5237"," Antioquia","Don Matías    ","","","10","","","4","#DIV/0!","1","10","4","0 ??/10","40%"
"5321"," Antioquia","Guatape     ","","","13","","","4","#DIV/0!","1","13","4","0 ??/10","31%"
"5697"," Antioquia","El Santuario    ","","8","16","","2","4","1","0.5","24","6","0 ??/10","25%"
"13222","Bolívar","Clemencia     ","","13","5","","8","4","1","-1","18","11","1 ??/11","61%"
"13657","Bolívar","San Juan Nepomuceno   ","","9","5","","6","4","1","-0.5","14","10","1 ??/11","71%"
"15087","Boyacá","Belén     ","","","10","","","4","#DIV/0!","1","10","4","0 ??/10","40%"
"15600","Boyacá","Ráquira     ","","","13","","","4","#DIV/0!","1","13","4","0 ??/10","31%"
"15638","Boyacá","Sáchica     ","","","18","","","4","#DIV/0!","1","18","4","0 ??/10","22%"
"15693","Boyacá","Santa Rosa De Viterbo  ","","4","14","","1","4","1","0.75","18","5","0 ??/10","28%"
"17174","Caldas","Chinchiná     ","","4","5","","1","4","1","0.75","9","5","1 ??/11","56%"
"19845","Cauca","Villa Rica    ","","","4","","","4","#DIV/0!","1","4","4","1 ??/11","100%"
"25183","Cundinamarca","Chocontá     ","","","9","","","4","#DIV/0!","1","9","4","0 ??/10","44%"
"47170","Magdalena","Chibolo     ","","39","61","","2","4","1","0.5","100","6","0 ??/10","6%"
"47675","Magdalena","Salamina     ","","10","7","","4","4","1","0","17","8","0 ??/10","47%"
"50573","Meta","Puerto López    ","","1","11","","1","4","1","0.75","12","5","0 ??/10","42%"
"50577","Meta","Puerto Lleras    ","","","15","","","4","#DIV/0!","1","15","4","0 ??/10","27%"
"50711","Meta","Vistahermosa     ","","2","10","","1","4","1","0.75","12","5","0 ??/10","42%"
"54051","Norte de Santander","Arboledas     ","2","22","10","1","7","4","0.85714285714286","-0.75","34","12","0 ??/10","35%"
"54099","Norte de Santander","Bochalema     ","10","25","13","3","7","4","0.57142857142857","-0.75","48","14","0 ??/10","29%"
"54239","Norte de Santander","Durania     ","","9","7","","3","4","1","0.25","16","7","0 ??/10","44%"
"54245","Norte de Santander","El Carmen    ","","6","15","","3","4","1","0.25","21","7","0 ??/10","33%"
"54344","Norte de Santander","Hacarí     ","2","2","27","1","2","4","0.5","0.5","31","7","0 ??/10","23%"
"54418","Norte de Santander","Lourdes     ","7","9","12","3","2","4","-0.5","0.5","28","9","0 ??/10","32%"
"54480","Norte de Santander","Mutiscua     ","","3","18","","1","4","1","0.75","21","5","0 ??/10","24%"
"54673","Norte de Santander","San Cayetano    ","","15","4","","4","4","1","0","19","8","0 ??/10","42%"
"68162","Santander","Cerrito     ","","2","5","","2","4","1","0.5","7","6","1 ??/11","86%"
"68190","Santander","Cimitarra     ","","4","5","","1","4","1","0.75","9","5","1 ??/11","56%"
"68572","Santander","Puente Nacional    ","","3","11","","1","4","1","0.75","14","5","0 ??/10","36%"
"68770","Santander","Suaita     ","","5","6","","3","4","1","0.25","11","7","1 ??/11","64%"
"68820","Santander","Tona     ","","","4","","","4","#DIV/0!","1","4","4","1 ??/11","100%"
"70771","Sucre","Sucre     ","","4","5","","1","4","1","0.75","9","5","1 ??/11","56%"
"70820","Sucre","Santiago De Tolú   ","","","4","","","4","#DIV/0!","1","4","4","1 ??/11","100%"
"85430","Casanare","Trinidad     ","","18","9","","4","4","1","0","27","8","0 ??/10","30%"
"86001","Putumayo","Mocoa     ","","3","9","","2","4","1","0.5","12","5","0 ??/10","42%"
"5030"," Antioquia","Amagá     ","","","8","","","3","#DIV/0!","1","8","3","0 ??/10","38%"
"5091"," Antioquia","Betania     ","","6","10","","1","3","1","0.66666666666667","16","4","0 ??/10","25%"
"5368"," Antioquia","Jericó     ","","","8","","","3","#DIV/0!","1","8","3","0 ??/10","38%"
"5376"," Antioquia","La Ceja    ","","","7","","","3","#DIV/0!","1","7","3","0 ??/10","43%"
"5541"," Antioquia","Peñol     ","","","9","","","3","#DIV/0!","1","9","3","0 ??/10","33%"
"5607"," Antioquia","Retiro     ","","","11","","","3","#DIV/0!","1","11","3","0 ??/10","27%"
"8560","Atlántico","Ponedera     ","","16","8","","5","3","1","-0.66666666666667","24","8","0 ??/10","33%"
"13442","Bolívar","María La Baja   ","2","","3","2","","3","#DIV/0!","1","5","5","1 ??/11","100%"
"13549","Bolívar","Pinillos     ","","","15","","","3","#DIV/0!","1","15","3","0 ??/10","20%"
"13673","Bolívar","Santa Catalina    ","1","2","3","1","2","3","0.5","0.33333333333333","6","6","1 ??/11","100%"
"13780","Bolívar","Talaigua Nuevo    ","","","4","","","3","#DIV/0!","1","4","3","1 ??/11","75%"
"25126","Cundinamarca","Cajicá     ","","","9","","","3","#DIV/0!","1","9","3","0 ??/10","33%"
"25214","Cundinamarca","Cota     ","","11","4","","2","3","1","0.33333333333333","15","5","0 ??/10","33%"
"25513","Cundinamarca","Pacho     ","","4","5","","2","3","1","0.33333333333333","9","5","1 ??/11","56%"
"50226","Meta","Cumaral     ","","12","5","","4","3","1","-0.33333333333333","17","7","0 ??/10","41%"
"54743","Norte de Santander","Silos     ","","7","6","","2","3","1","0.33333333333333","13","5","0 ??/10","38%"
"66170","Risaralda","Dosquebradas     ","","4","7","","2","3","1","0.33333333333333","11","5","0 ??/10","45%"
"68327","Santander","Güepsa     ","","","5","","","3","#DIV/0!","1","5","3","1 ??/11","60%"
"68464","Santander","Mogotes     ","","6","7","","2","3","1","0.33333333333333","13","4","0 ??/10","31%"
"68500","Santander","Oiba     ","","4","3","","3","3","1","0","7","6","1 ??/11","86%"
"70204","Sucre","Coloso     ","","","4","","","3","#DIV/0!","1","4","3","1 ??/11","75%"
"70429","Sucre","Majagual     ","","","5","","","3","#DIV/0!","1","5","3","1 ??/11","60%"
"70678","Sucre","San Benito Abad   ","","","3","","","3","#DIV/0!","1","3","3","1 ??/11","100%"
"81220","Arauca","Cravo Norte    ","","7","5","","5","3","1","-0.66666666666667","12","8","1 ??/11","67%"
"85125","Casanare","Hato Corozal    ","","12","16","","6","3","1","-1","28","9","0 ??/10","32%"
"86865","Putumayo","Valle Del Guamuez   ","","","3","","","3","#DIV/0!","1","3","3","1 ??/11","100%"
"5002"," Antioquia","Abejorral     ","","2","3","","1","2","1","0.5","5","3","1 ??/11","60%"
"5034"," Antioquia","Andes     ","","3","8","","1","2","1","0.5","11","3","0 ??/10","27%"
"5044"," Antioquia","Anza     ","","","8","","","2","#DIV/0!","1","8","2","0 ??/10","25%"
"5197"," Antioquia","Cocorná     ","","","8","","","2","#DIV/0!","1","8","2","0 ??/10","25%"
"5264"," Antioquia","Entrerrios     ","","","6","","","2","#DIV/0!","1","6","2","0 ??/10","33%"
"5425"," Antioquia","Maceo     ","","","14","","","2","#DIV/0!","1","14","2","0 ??/10","14%"
"5483"," Antioquia","Nariño     ","","","6","","","2","#DIV/0!","1","6","2","0 ??/10","33%"
"5604"," Antioquia","Remedios     ","","","13","","","2","#DIV/0!","1","13","2","0 ??/10","15%"
"5664"," Antioquia","San Pedro    ","","","6","","","2","#DIV/0!","1","6","2","0 ??/10","33%"
"5679"," Antioquia","Santa Bárbara    ","","","7","","","2","#DIV/0!","1","7","2","0 ??/10","29%"
"5890"," Antioquia","Yolombó     ","","16","22","","1","2","1","0.5","38","2","0 ??/10","5%"
"8137","Atlántico","Campo De La Cruz  ","","20","4","","8","2","1","-3","24","10","0 ??/10","42%"
"8296","Atlántico","Galapa     ","","8","4","","3","2","1","-0.5","12","5","0 ??/10","42%"
"8372","Atlántico","Juan De Acosta   ","","1","7","","1","2","1","0.5","8","3","0 ??/10","38%"
"8436","Atlántico","Manatí     ","","30","13","","10","2","1","-4","43","12","0 ??/10","28%"
"8558","Atlántico","Polonuevo     ","","","5","","","2","#DIV/0!","1","5","2","0 ??/10","40%"
"8573","Atlántico","Puerto Colombia    ","","10","4","","6","2","1","-2","14","8","1 ??/11","57%"
"8606","Atlántico","Repelón     ","","51","8","","26","2","1","-12","59","28","0 ??/10","47%"
"8634","Atlántico","Sabanagrande     ","","2","6","","1","2","1","0.5","8","3","0 ??/10","38%"
"8675","Atlántico","Santa Lucía    ","","19","10","","5","2","1","-1.5","29","7","0 ??/10","24%"
"13052","Bolívar","Arjona     ","3","7","2","2","5","2","0.6","-1.5","12","9","1 ??/11","75%"
"13140","Bolívar","Calamar     ","","4","2","","2","2","1","0","6","4","1 ??/11","67%"
"13160","Bolívar","Cantagallo     ","","3","2","","2","2","1","0","5","4","1 ??/11","80%"
"13458","Bolívar","Montecristo     ","","","2","","","2","#DIV/0!","1","2","2","1 ??/11","100%"
"13647","Bolívar","San Estanislao    ","","","3","","","2","#DIV/0!","1","3","2","1 ??/11","67%"
"13667","Bolívar","San Martín De Loba  ","","6","4","","2","2","1","0","10","4","0 ??/10","40%"
"13683","Bolívar","Santa Rosa    ","","4","2","","3","2","1","-0.5","6","4","1 ??/11","67%"
"15401","Boyacá","La Victoria    ","","","3","","","2","#DIV/0!","1","3","2","1 ??/11","67%"
"15537","Boyacá","Paz De Río   ","","","4","","","2","#DIV/0!","1","4","2","0 ??/10","50%"
"15686","Boyacá","Santana     ","","","8","","","2","#DIV/0!","1","8","2","0 ??/10","25%"
"15753","Boyacá","Soatá     ","","","11","","","2","#DIV/0!","1","11","2","0 ??/10","18%"
"15757","Boyacá","Socha     ","","","4","","","2","#DIV/0!","1","4","2","0 ??/10","50%"
"15776","Boyacá","Sutamarchán     ","","","13","","","2","#DIV/0!","1","13","2","0 ??/10","15%"
"15837","Boyacá","Tuta     ","","","3","","","2","#DIV/0!","1","3","2","1 ??/11","67%"
"17388","Caldas","La Merced    ","","","6","","","2","#DIV/0!","1","6","2","0 ??/10","33%"
"17486","Caldas","Neira     ","","","19","","","2","#DIV/0!","1","19","2","0 ??/10","11%"
"17873","Caldas","Villamaría     ","","3","2","","1","2","1","0.5","5","3","1 ??/11","60%"
"19622","Cauca","Rosas     ","","","7","","","2","#DIV/0!","1","7","2","0 ??/10","29%"
"20787","Cesar","Tamalameque     ","","7","5","","3","2","1","-0.5","12","5","0 ??/10","42%"
"23189","Córdoba","Ciénaga De Oro   ","","","2","","","2","#DIV/0!","1","2","2","1 ??/11","100%"
"23570","Córdoba","Pueblo Nuevo    ","","","3","","","2","#DIV/0!","1","3","2","1 ??/11","67%"
"25483","Cundinamarca","Nariño     ","","","2","","","2","#DIV/0!","1","2","2","1 ??/11","100%"
"25862","Cundinamarca","Vergara     ","","","7","","","2","#DIV/0!","1","7","2","0 ??/10","29%"
"25867","Cundinamarca","Vianí     ","","","7","","","2","#DIV/0!","1","7","2","0 ??/10","29%"
"25873","Cundinamarca","Villapinzón     ","","","4","","","2","#DIV/0!","1","4","2","0 ??/10","50%"
"25875","Cundinamarca","Villeta     ","","41","4","","4","2","1","-1","45","6","0 ??/10","13%"
"41020","Huila","Algeciras     ","","","8","","","2","#DIV/0!","1","8","2","0 ??/10","25%"
"41807","Huila","Timaná     ","","","28","","","2","#DIV/0!","1","28","2","0 ??/10","7%"
"44420","La Guajira","La Jagua Del Pilar  ","","8","4","","2","2","1","0","12","4","0 ??/10","33%"
"47268","Magdalena","El Retén    ","","64","23","","6","2","1","-2","87","8","0 ??/10","9%"
"47541","Magdalena","Pedraza     ","","","5","","","2","#DIV/0!","1","5","2","0 ??/10","40%"
"47660","Magdalena","Sabanas De San Angel  ","","","24","","","2","#DIV/0!","1","24","2","0 ??/10","8%"
"47703","Magdalena","San Zenón    ","","17","10","","1","2","1","0.5","27","3","0 ??/10","11%"
"47798","Magdalena","Tenerife     ","","84","20","","3","2","1","-0.5","104","5","0 ??/10","5%"
"50150","Meta","Castilla La Nueva   ","","","6","","","2","#DIV/0!","1","6","2","0 ??/10","33%"
"50251","Meta","El Castillo    ","","","7","","","2","#DIV/0!","1","7","2","0 ??/10","29%"
"50318","Meta","Guamal     ","","4","3","","1","2","1","0.5","7","3","0 ??/10","43%"
"50683","Meta","San Juan De Arama  ","","","6","","","2","#DIV/0!","1","6","2","0 ??/10","33%"
"52022","Nariño","Aldana     ","","","5","","","2","#DIV/0!","1","5","2","0 ??/10","40%"
"52083","Nariño","Belén     ","","","6","","","2","#DIV/0!","1","6","2","0 ??/10","33%"
"54398","Norte de Santander","La Playa    ","2","15","3","1","6","2","0.83333333333333","-2","20","9","0 ??/10","45%"
"54680","Norte de Santander","Santiago     ","3","7","3","1","2","2","0.5","0","13","5","0 ??/10","38%"
"63190","Quindio","Circasia     ","","","4","","","2","#DIV/0!","1","4","2","0 ??/10","50%"
"63470","Quindio","Montenegro     ","","","2","","","2","#DIV/0!","1","2","2","1 ??/11","100%"
"68147","Santander","Capitanejo     ","","7","2","","2","2","1","0","9","4","0 ??/10","44%"
"68167","Santander","Charalá     ","","1","9","","1","2","1","0.5","10","3","0 ??/10","30%"
"68705","Santander","Santa Bárbara    ","","","5","","","2","#DIV/0!","1","5","2","0 ??/10","40%"
"68745","Santander","Simacota     ","","","2","","","2","#DIV/0!","1","2","2","1 ??/11","100%"
"70523","Sucre","Palmito     ","","","3","","","2","#DIV/0!","1","3","2","1 ??/11","67%"
"73449","Tolima","Melgar     ","","","5","","","2","#DIV/0!","1","5","2","0 ??/10","40%"
"73624","Tolima","Rovira     ","","","2","","","2","#DIV/0!","1","2","2","1 ??/11","100%"
"76147","Valle del Cauca","Cartago     ","","","2","","","2","#DIV/0!","1","2","2","1 ??/11","100%"
"76400","Valle del Cauca","La Unión    ","","","3","","","2","#DIV/0!","1","3","2","1 ??/11","67%"
"76616","Valle del Cauca","Riofrío     ","","","4","","","2","#DIV/0!","1","4","2","0 ??/10","50%"
"85225","Casanare","Nunchía     ","","18","4","","1","2","1","0.5","22","3","0 ??/10","14%"
"86569","Putumayo","Puerto Caicedo    ","","","2","","","2","#DIV/0!","1","2","2","1 ??/11","100%"
"5021"," Antioquia","Alejandría     ","","","3","","","1","#DIV/0!","1","3","1","0 ??/10","33%"
"5031"," Antioquia","Amalfi     ","","","10","","","1","#DIV/0!","1","10","1","0 ??/10","10%"
"5036"," Antioquia","Angelópolis     ","","","2","","","1","#DIV/0!","1","2","1","0 ??/10","50%"
"5042"," Antioquia","Santafé De Antioquia   ","","","3","","","1","#DIV/0!","1","3","1","0 ??/10","33%"
"5051"," Antioquia","Arboletes     ","","4","5","","1","1","1","0","9","2","0 ??/10","22%"
"5147"," Antioquia","Carepa     ","","","7","","","1","#DIV/0!","1","7","1","0 ??/10","14%"
"5250"," Antioquia","El Bagre    ","","","5","","","1","#DIV/0!","1","5","1","0 ??/10","20%"
"5282"," Antioquia","Fredonia     ","","","3","","","1","#DIV/0!","1","3","1","0 ??/10","33%"
"5284"," Antioquia","Frontino     ","","","1","","","1","#DIV/0!","1","1","1","1 ??/11","100%"
"5467"," Antioquia","Montebello     ","","","2","","","1","#DIV/0!","1","2","1","0 ??/10","50%"
"5490"," Antioquia","Necoclí     ","","","4","","","1","#DIV/0!","1","4","1","0 ??/10","25%"
"5579"," Antioquia","Puerto Berrío    ","","4","4","","1","1","1","0","8","2","0 ??/10","25%"
"5591"," Antioquia","Puerto Triunfo    ","","","1","","","1","#DIV/0!","1","1","1","1 ??/11","100%"
"5628"," Antioquia","Sabanalarga     ","","","1","","","1","#DIV/0!","1","1","1","1 ??/11","100%"
"5667"," Antioquia","San Rafael    ","","","4","","","1","#DIV/0!","1","4","1","0 ??/10","25%"
"5670"," Antioquia","San Roque    ","","","4","","","1","#DIV/0!","1","4","1","0 ??/10","25%"
"5674"," Antioquia","San Vicente    ","","","2","","","1","#DIV/0!","1","2","1","0 ??/10","50%"
"5690"," Antioquia","Santo Domingo    ","","","16","","","1","#DIV/0!","1","16","1","0 ??/10","6%"
"5761"," Antioquia","Sopetrán     ","","","5","","","1","#DIV/0!","1","5","1","0 ??/10","20%"
"5809"," Antioquia","Titiribí     ","","","5","","","1","#DIV/0!","1","5","1","0 ??/10","20%"
"5837"," Antioquia","Turbo     ","","","5","","","1","#DIV/0!","1","5","1","0 ??/10","20%"
"5858"," Antioquia","Vegachí     ","","","1","","","1","#DIV/0!","1","1","1","1 ??/11","100%"
"5861"," Antioquia","Venecia     ","","","4","","","1","#DIV/0!","1","4","1","0 ??/10","25%"
"5885"," Antioquia","Yalí     ","","","10","","","1","#DIV/0!","1","10","1","0 ??/10","10%"
"8520","Atlántico","Palmar De Varela   ","","5","2","","4","1","1","-3","7","5","1 ??/11","71%"
"13062","Bolívar","Arroyohondo     ","2","2","3","1","2","1","0.5","-1","7","4","1 ??/11","57%"
"13074","Bolívar","Barranco De Loba   ","","10","10","","1","1","1","0","20","2","0 ??/10","10%"
"13188","Bolívar","Cicuco     ","","4","2","","2","1","1","-1","6","3","0 ??/10","50%"
"13248","Bolívar","El Guamo    ","","","15","","","1","#DIV/0!","1","15","1","0 ??/10","7%"
"13580","Bolívar","Regidor     ","","","1","","","1","#DIV/0!","1","1","1","1 ??/11","100%"
"13600","Bolívar","Río Viejo    ","","","3","","","1","#DIV/0!","1","3","1","0 ??/10","33%"
"13744","Bolívar","Simití     ","","2","3","","1","1","1","0","5","2","0 ??/10","40%"
"13873","Bolívar","Villanueva     ","","7","1","","3","1","1","-2","8","4","0 ??/10","50%"
"15097","Boyacá","Boavita     ","","","4","","","1","#DIV/0!","1","4","1","0 ??/10","25%"
"15104","Boyacá","Boyacá     ","","2","5","","1","1","1","0","7","2","0 ??/10","29%"
"15215","Boyacá","Corrales     ","","","2","","","1","#DIV/0!","1","2","1","0 ??/10","50%"
"15362","Boyacá","Iza     ","","","1","","","1","#DIV/0!","1","1","1","1 ??/11","100%"
"15480","Boyacá","Muzo     ","","","4","","","1","#DIV/0!","1","4","1","0 ??/10","25%"
"15491","Boyacá","Nobsa     ","","","2","","","1","#DIV/0!","1","2","1","0 ??/10","50%"
"15518","Boyacá","Pajarito     ","","","1","","","1","#DIV/0!","1","1","1","1 ??/11","100%"
"15632","Boyacá","Saboyá     ","","","4","","","1","#DIV/0!","1","4","1","0 ??/10","25%"
"15723","Boyacá","Sativasur     ","","","4","","","1","#DIV/0!","1","4","1","0 ??/10","25%"
"15763","Boyacá","Sotaquirá     ","","","5","","","1","#DIV/0!","1","5","1","0 ??/10","20%"
"15790","Boyacá","Tasco     ","","","1","","","1","#DIV/0!","1","1","1","1 ??/11","100%"
"15810","Boyacá","Tipacoque     ","","","1","","","1","#DIV/0!","1","1","1","1 ??/11","100%"
"15820","Boyacá","Tópaga     ","","","1","","","1","#DIV/0!","1","1","1","1 ??/11","100%"
"15861","Boyacá","Ventaquemada     ","","","8","","","1","#DIV/0!","1","8","1","0 ??/10","13%"
"17524","Caldas","Palestina     ","","","2","","","1","#DIV/0!","1","2","1","0 ??/10","50%"
"17665","Caldas","San José    ","","","2","","","1","#DIV/0!","1","2","1","0 ??/10","50%"
"18001","Caquetá","Florencia     ","","","4","","","1","#DIV/0!","1","4","1","0 ??/10","25%"
"19050","Cauca","Argelia     ","","1","4","","1","1","1","0","5","2","0 ??/10","40%"
"19075","Cauca","Balboa     ","","","1","","","1","#DIV/0!","1","1","1","1 ??/11","100%"
"19137","Cauca","Caldono     ","","","3","","","1","#DIV/0!","1","3","1","0 ??/10","33%"
"19142","Cauca","Caloto     ","","","1","","","1","#DIV/0!","1","1","1","1 ??/11","100%"
"19300","Cauca","Guachené     ","","","2","","","1","#DIV/0!","1","2","1","0 ??/10","50%"
"19455","Cauca","Miranda     ","","","3","","","1","#DIV/0!","1","3","1","0 ??/10","33%"
"19548","Cauca","Piendamó     ","","2","3","","1","1","1","0","5","2","0 ??/10","40%"
"19573","Cauca","Puerto Tejada    ","","","2","","","1","#DIV/0!","1","2","1","0 ??/10","50%"
"19701","Cauca","Santa Rosa    ","","","4","","","1","#DIV/0!","1","4","1","0 ??/10","25%"
"19780","Cauca","Suárez     ","","","3","","","1","#DIV/0!","1","3","1","0 ??/10","33%"
"19807","Cauca","Timbío     ","","","4","","","1","#DIV/0!","1","4","1","0 ??/10","25%"
"20032","Cesar","Astrea     ","","","2","","","1","#DIV/0!","1","2","1","0 ??/10","50%"
"20175","Cesar","Chimichagua     ","1","2","1","1","2","1","0.5","-1","4","3","1 ??/11","75%"
"23168","Córdoba","Chimá     ","","","1","","","1","#DIV/0!","1","1","1","1 ??/11","100%"
"23417","Córdoba","Lorica     ","","","10","","","1","#DIV/0!","1","10","1","0 ??/10","10%"
"23678","Córdoba","San Carlos    ","","","2","","","1","#DIV/0!","1","2","1","0 ??/10","50%"
"23686","Córdoba","San Pelayo    ","","","1","","","1","#DIV/0!","1","1","1","1 ??/11","100%"
"25019","Cundinamarca","Albán     ","","3","4","","1","1","1","0","7","2","0 ??/10","29%"
"25040","Cundinamarca","Anolaima     ","","2","3","","1","1","1","0","5","2","0 ??/10","40%"
"25258","Cundinamarca","El Peñón    ","","2","1","","1","1","1","0","3","2","1 ??/11","67%"
"25279","Cundinamarca","Fomeque     ","","2","8","","1","1","1","0","10","2","0 ??/10","20%"
"25281","Cundinamarca","Fosca     ","","","3","","","1","#DIV/0!","1","3","1","0 ??/10","33%"
"25290","Cundinamarca","Fusagasugá     ","","","2","","","1","#DIV/0!","1","2","1","0 ??/10","50%"
"25307","Cundinamarca","Girardot     ","","","5","","","1","#DIV/0!","1","5","1","0 ??/10","20%"
"25312","Cundinamarca","Granada     ","","","3","","","1","#DIV/0!","1","3","1","0 ??/10","33%"
"25402","Cundinamarca","La Vega    ","","","4","","","1","#DIV/0!","1","4","1","0 ??/10","25%"
"25426","Cundinamarca","Macheta     ","","","3","","","1","#DIV/0!","1","3","1","0 ??/10","33%"
"25486","Cundinamarca","Nemocón     ","","","1","","","1","#DIV/0!","1","1","1","1 ??/11","100%"
"25489","Cundinamarca","Nimaima     ","","","6","","","1","#DIV/0!","1","6","1","0 ??/10","17%"
"25506","Cundinamarca","Venecia     ","","","1","","","1","#DIV/0!","1","1","1","1 ??/11","100%"
"25530","Cundinamarca","Paratebueno     ","","1","3","","1","1","1","0","4","2","0 ??/10","50%"
"25580","Cundinamarca","Pulí     ","","","1","","","1","#DIV/0!","1","1","1","1 ??/11","100%"
"25718","Cundinamarca","Sasaima     ","","","8","","","1","#DIV/0!","1","8","1","0 ??/10","13%"
"25736","Cundinamarca","Sesquilé     ","","","1","","","1","#DIV/0!","1","1","1","1 ??/11","100%"
"25769","Cundinamarca","Subachoque     ","","9","3","","2","1","1","-1","12","3","0 ??/10","25%"
"25777","Cundinamarca","Supatá     ","","","1","","","1","#DIV/0!","1","1","1","1 ??/11","100%"
"25781","Cundinamarca","Sutatausa     ","","","1","","","1","#DIV/0!","1","1","1","1 ??/11","100%"
"25817","Cundinamarca","Tocancipá     ","","","10","","","1","#DIV/0!","1","10","1","0 ??/10","10%"
"25843","Cundinamarca","Villa De San Diego De Ubate","","","2","","","1","#DIV/0!","1","2","1","0 ??/10","50%"
"25851","Cundinamarca","Útica     ","","","4","","","1","#DIV/0!","1","4","1","0 ??/10","25%"
"27660","Chocó","San José Del Palmar  ","","","4","","","1","#DIV/0!","1","4","1","0 ??/10","25%"
"41078","Huila","Baraya     ","","","7","","","1","#DIV/0!","1","7","1","0 ??/10","14%"
"41132","Huila","Campoalegre     ","","","3","","","1","#DIV/0!","1","3","1","0 ??/10","33%"
"41206","Huila","Colombia     ","","","4","","","1","#DIV/0!","1","4","1","0 ??/10","25%"
"41244","Huila","Elías     ","","","2","","","1","#DIV/0!","1","2","1","0 ??/10","50%"
"41483","Huila","Nátaga     ","","","1","","","1","#DIV/0!","1","1","1","1 ??/11","100%"
"41615","Huila","Rivera     ","","","1","","","1","#DIV/0!","1","1","1","1 ??/11","100%"
"41668","Huila","San Agustín    ","","","20","","","1","#DIV/0!","1","20","1","0 ??/10","5%"
"41676","Huila","Santa María    ","","","3","","","1","#DIV/0!","1","3","1","0 ??/10","33%"
"41799","Huila","Tello     ","","","3","","","1","#DIV/0!","1","3","1","0 ??/10","33%"
"47030","Magdalena","Algarrobo     ","","21","4","","2","1","1","-1","25","3","0 ??/10","12%"
"47161","Magdalena","Cerro San Antonio   ","","4","1","","1","1","1","0","5","2","0 ??/10","40%"
"47205","Magdalena","Concordia     ","","5","1","","4","1","1","-3","6","5","1 ??/11","83%"
"47570","Magdalena","Puebloviejo     ","","11","1","","5","1","1","-4","12","6","0 ??/10","50%"
"47605","Magdalena","Remolino     ","","1","3","","1","1","1","0","4","2","0 ??/10","50%"
"47720","Magdalena","Santa Bárbara De Pinto  ","","","1","","","1","#DIV/0!","1","1","1","1 ??/11","100%"
"50124","Meta","Cabuyaro     ","","","1","","","1","#DIV/0!","1","1","1","1 ??/11","100%"
"50223","Meta","Cubarral     ","","","3","","","1","#DIV/0!","1","3","1","0 ??/10","33%"
"50330","Meta","Mesetas     ","","","3","","","1","#DIV/0!","1","3","1","0 ??/10","33%"
"50590","Meta","Puerto Rico    ","","","3","","","1","#DIV/0!","1","3","1","0 ??/10","33%"
"50606","Meta","Restrepo     ","","8","1","","4","1","1","-3","9","5","1 ??/11","56%"
"50680","Meta","San Carlos De Guaroa  ","","","1","","","1","#DIV/0!","1","1","1","1 ??/11","100%"
"50689","Meta","San Martín    ","","3","3","","1","1","1","0","6","2","0 ??/10","33%"
"52051","Nariño","Arboleda     ","","","4","","","1","#DIV/0!","1","4","1","0 ??/10","25%"
"52240","Nariño","Chachagüí     ","","","1","","","1","#DIV/0!","1","1","1","1 ??/11","100%"
"52254","Nariño","El Peñol    ","","","6","","","1","#DIV/0!","1","6","1","0 ??/10","17%"
"52256","Nariño","El Rosario    ","","","3","","","1","#DIV/0!","1","3","1","0 ??/10","33%"
"52354","Nariño","Imués     ","","","1","","","1","#DIV/0!","1","1","1","1 ??/11","100%"
"52381","Nariño","La Florida    ","","","1","","","1","#DIV/0!","1","1","1","1 ??/11","100%"
"52573","Nariño","Puerres     ","","","2","","","1","#DIV/0!","1","2","1","0 ??/10","50%"
"52683","Nariño","Sandoná     ","","","3","","","1","#DIV/0!","1","3","1","0 ??/10","33%"
"52838","Nariño","Túquerres     ","","2","1","","1","1","1","0","3","2","1 ??/11","67%"
"54109","Norte de Santander","Bucarasica     ","3","2","1","1","1","1","0","0","6","3","0 ??/10","50%"
"54174","Norte de Santander","Chitagá     ","9","","5","2","","1","#DIV/0!","1","14","3","0 ??/10","21%"
"54223","Norte de Santander","Cucutilla     ","","11","3","","3","1","1","-2","14","4","0 ??/10","29%"
"54313","Norte de Santander","Gramalote     ","","13","2","","3","1","1","-2","15","4","0 ??/10","27%"
"54347","Norte de Santander","Herrán     ","","","5","","","1","#DIV/0!","1","5","1","0 ??/10","20%"
"54385","Norte de Santander","La Esperanza    ","3","","6","1","","1","#DIV/0!","1","9","2","0 ??/10","22%"
"54599","Norte de Santander","Ragonvalia     ","3","12","2","1","3","1","0.66666666666667","-2","17","5","0 ??/10","29%"
"63130","Quindio","Calarca     ","","","1","","","1","#DIV/0!","1","1","1","1 ??/11","100%"
"63272","Quindio","Filandia     ","","","1","","","1","#DIV/0!","1","1","1","1 ??/11","100%"
"66045","Risaralda","Apía     ","","","2","","","1","#DIV/0!","1","2","1","0 ??/10","50%"
"66088","Risaralda","Belén De Umbría   ","","","2","","","1","#DIV/0!","1","2","1","0 ??/10","50%"
"66594","Risaralda","Quinchía     ","","","1","","","1","#DIV/0!","1","1","1","1 ??/11","100%"
"66687","Risaralda","Santuario     ","","","3","","","1","#DIV/0!","1","3","1","0 ??/10","33%"
"68020","Santander","Albania     ","","","6","","","1","#DIV/0!","1","6","1","0 ??/10","17%"
"68092","Santander","Betulia     ","","","1","","","1","#DIV/0!","1","1","1","1 ??/11","100%"
"68101","Santander","Bolívar     ","","","2","","","1","#DIV/0!","1","2","1","0 ??/10","50%"
"68152","Santander","Carcasí     ","","","1","","","1","#DIV/0!","1","1","1","1 ??/11","100%"
"68160","Santander","Cepitá     ","","","1","","","1","#DIV/0!","1","1","1","1 ??/11","100%"
"68207","Santander","Concepción     ","","2","1","","2","1","1","-1","3","3","1 ??/11","100%"
"68211","Santander","Contratación     ","","","1","","","1","#DIV/0!","1","1","1","1 ??/11","100%"
"68229","Santander","Curití     ","","","2","","","1","#DIV/0!","1","2","1","0 ??/10","50%"
"68235","Santander","El Carmen De Chucurí  ","6","5","4","1","1","1","0","0","15","3","0 ??/10","20%"
"68255","Santander","El Playón    ","","","2","","","1","#DIV/0!","1","2","1","0 ??/10","50%"
"68318","Santander","Guaca     ","","","2","","","1","#DIV/0!","1","2","1","0 ??/10","50%"
"68322","Santander","Guapotá     ","","","14","","","1","#DIV/0!","1","14","1","0 ??/10","7%"
"68324","Santander","Guavatá     ","","4","3","","1","1","1","0","7","2","0 ??/10","29%"
"68377","Santander","La Belleza    ","","","2","","","1","#DIV/0!","1","2","1","0 ??/10","50%"
"68385","Santander","Landázuri     ","","","4","","","1","#DIV/0!","1","4","1","0 ??/10","25%"
"68418","Santander","Los Santos    ","","","2","","","1","#DIV/0!","1","2","1","0 ??/10","50%"
"68468","Santander","Molagavita     ","","2","1","","2","1","1","-1","3","3","1 ??/11","100%"
"68669","Santander","San Andrés    ","","1","1","","1","1","1","0","2","2","1 ??/11","100%"
"68673","Santander","San Benito    ","","","2","","","1","#DIV/0!","1","2","1","0 ??/10","50%"
"68686","Santander","San Miguel    ","","","1","","","1","#DIV/0!","1","1","1","1 ??/11","100%"
"68780","Santander","Suratá     ","","","3","","","1","#DIV/0!","1","3","1","0 ??/10","33%"
"70221","Sucre","Coveñas     ","","","1","","","1","#DIV/0!","1","1","1","1 ??/11","100%"
"70265","Sucre","Guaranda     ","1","","1","1","","1","#DIV/0!","1","2","2","1 ??/11","100%"
"70473","Sucre","Morroa     ","","","2","","","1","#DIV/0!","1","2","1","0 ??/10","50%"
"70742","Sucre","San Luis De Sincé  ","","","1","","","1","#DIV/0!","1","1","1","1 ??/11","100%"
"73001","Tolima","Ibagué     ","","","1","","","1","#DIV/0!","1","1","1","1 ??/11","100%"
"73236","Tolima","Dolores     ","","","6","","","1","#DIV/0!","1","6","1","0 ??/10","17%"
"73283","Tolima","Fresno     ","","","2","","","1","#DIV/0!","1","2","1","0 ??/10","50%"
"73319","Tolima","Guamo     ","","","4","","","1","#DIV/0!","1","4","1","0 ??/10","25%"
"73411","Tolima","Líbano     ","","","2","","","1","#DIV/0!","1","2","1","0 ??/10","50%"
"73678","Tolima","San Luis    ","","","3","","","1","#DIV/0!","1","3","1","0 ??/10","33%"
"73854","Tolima","Valle De San Juan  ","","","2","","","1","#DIV/0!","1","2","1","0 ??/10","50%"
"76403","Valle del Cauca","La Victoria    ","","","1","","","1","#DIV/0!","1","1","1","1 ??/11","100%"
"76520","Valle del Cauca","Palmira     ","","","1","","","1","#DIV/0!","1","1","1","1 ??/11","100%"
"76622","Valle del Cauca","Roldanillo     ","","","1","","","1","#DIV/0!","1","1","1","1 ??/11","100%"
"76895","Valle del Cauca","Zarzal     ","","","5","","","1","#DIV/0!","1","5","1","0 ??/10","20%"
"85230","Casanare","Orocué     ","","18","1","","1","1","1","0","19","2","0 ??/10","11%"
"85325","Casanare","San Luis De Palenque  ","","1","2","","1","1","1","0","3","2","1 ??/11","67%"
"86219","Putumayo","Colón     ","","6","2","","3","1","1","-2","8","4","0 ??/10","50%"
"86573","Putumayo","Leguízamo     ","","","1","","","1","#DIV/0!","1","1","1","1 ??/11","100%"
"86749","Putumayo","Sibundoy     ","","1","2","","1","1","1","0","3","2","1 ??/11","67%"
"86760","Putumayo","Santiago     ","","1","2","","1","1","1","0","3","2","1 ??/11","67%"
"91407","Amazonas","La Pedrera    ","","","2","","","1","#DIV/0!","1","2","1","0 ??/10","50%"
"91540","Amazonas","Puerto Nariño    ","","","2","","","1","#DIV/0!","1","2","1","0 ??/10","50%"
"99524","Vichada","La Primavera    ","","4","1","","2","1","1","-1","5","3","1 ??/11","60%"
"99773","Vichada","Cumaribo     ","","3","3","","2","1","1","-1","6","3","0 ??/10","50%"
"5101"," Antioquia","Ciudad Bolívar    ","","16","","","2","","1","#DIV/0!","16","2","0 ??/10","13%"
"5172"," Antioquia","Chigorodó     ","","4","","","1","","1","#DIV/0!","4","1","0 ??/10","25%"
"5209"," Antioquia","Concordia     ","","3","","","1","","1","#DIV/0!","3","1","0 ??/10","33%"
"5310"," Antioquia","Gómez Plata    ","","10","","","1","","1","#DIV/0!","10","1","0 ??/10","10%"
"5400"," Antioquia","La Unión    ","1","","","1","","","#DIV/0!","#DIV/0!","1","1","1 ??/11","100%"
"5501"," Antioquia","Olaya     ","","4","","","1","","1","#DIV/0!","4","1","0 ??/10","25%"
"5649"," Antioquia","San Carlos    ","","2","","","1","","1","#DIV/0!","2","1","0 ??/10","50%"
"5686"," Antioquia","Santa Rosa De Osos  ","","1","","","1","","1","#DIV/0!","1","1","1 ??/11","100%"
"5790"," Antioquia","Tarazá     ","","4","","","1","","1","#DIV/0!","4","1","0 ??/10","25%"
"5842"," Antioquia","Uramita     ","4","","","1","","","#DIV/0!","#DIV/0!","4","1","0 ??/10","25%"
"5893"," Antioquia","Yondó     ","","2","","","1","","1","#DIV/0!","2","1","0 ??/10","50%"
"8078","Atlántico","Baranoa     ","","3","","","1","","1","#DIV/0!","3","1","0 ??/10","33%"
"8141","Atlántico","Candelaria     ","","9","","","2","","1","#DIV/0!","9","2","0 ??/10","22%"
"8685","Atlántico","Santo Tomás    ","","3","","","3","","1","#DIV/0!","3","3","1 ??/11","100%"
"8770","Atlántico","Suan     ","","11","","","5","","1","#DIV/0!","11","5","0 ??/10","45%"
"13006","Bolívar","Achí     ","","4","","","3","","1","#DIV/0!","4","3","1 ??/11","75%"
"13030","Bolívar","Altos Del Rosario   ","","2","","","1","","1","#DIV/0!","2","1","0 ??/10","50%"
"13838","Bolívar","Turbaná     ","","1","","","1","","1","#DIV/0!","1","1","1 ??/11","100%"
"13894","Bolívar","Zambrano     ","","26","","","1","","1","#DIV/0!","26","1","0 ??/10","4%"
"15673","Boyacá","San Mateo    ","","4","","","1","","1","#DIV/0!","4","1","0 ??/10","25%"
"19100","Cauca","Bolívar     ","","3","","","1","","1","#DIV/0!","3","1","0 ??/10","33%"
"19743","Cauca","Silvia     ","","1","","","1","","1","#DIV/0!","1","1","1 ??/11","100%"
"20570","Cesar","Pueblo Bello    ","","2","","","2","","1","#DIV/0!","2","2","1 ??/11","100%"
"23090","Córdoba","Canalete     ","","2","","","1","","1","#DIV/0!","2","1","0 ??/10","50%"
"23807","Córdoba","Tierralta     ","","1","","","1","","1","#DIV/0!","1","1","1 ??/11","100%"
"25099","Cundinamarca","Bojacá     ","","2","","","1","","1","#DIV/0!","2","1","0 ??/10","50%"
"25168","Cundinamarca","Chaguaní     ","","1","","","1","","1","#DIV/0!","1","1","1 ??/11","100%"
"25295","Cundinamarca","Gachancipá     ","","1","","","1","","1","#DIV/0!","1","1","1 ??/11","100%"
"25377","Cundinamarca","La Calera    ","","2","","","2","","1","#DIV/0!","2","2","1 ??/11","100%"
"25386","Cundinamarca","La Mesa    ","2","23","","1","1","","0","#DIV/0!","25","2","0 ??/10","8%"
"25438","Cundinamarca","Medina     ","","2","","","1","","1","#DIV/0!","2","1","0 ??/10","50%"
"25572","Cundinamarca","Puerto Salgar    ","","7","","","2","","1","#DIV/0!","7","2","0 ??/10","29%"
"25592","Cundinamarca","Quebradanegra     ","","20","","","2","","1","#DIV/0!","20","2","0 ??/10","10%"
"25799","Cundinamarca","Tenjo     ","","6","","","1","","1","#DIV/0!","6","1","0 ??/10","17%"
"25899","Cundinamarca","Zipaquirá     ","","1","","","1","","1","#DIV/0!","1","1","1 ??/11","100%"
"27077","Chocó","Bajo Baudó    ","","3","","","1","","1","#DIV/0!","3","1","0 ??/10","33%"
"41349","Huila","Hobo     ","","3","","","1","","1","#DIV/0!","3","1","0 ??/10","33%"
"41357","Huila","Iquira     ","","3","","","1","","1","#DIV/0!","3","1","0 ??/10","33%"
"41530","Huila","Palestina     ","","1","","","1","","1","#DIV/0!","1","1","1 ??/11","100%"
"47545","Magdalena","Pijiño Del Carmen   ","","78","","","2","","1","#DIV/0!","78","2","0 ??/10","3%"
"47960","Magdalena","Zapayán     ","","84","","","2","","1","#DIV/0!","84","2","0 ??/10","2%"
"50287","Meta","Fuente De Oro   ","","1","","","1","","1","#DIV/0!","1","1","1 ??/11","100%"
"50350","Meta","La Macarena    ","","5","","","2","","1","#DIV/0!","5","2","0 ??/10","40%"
"50370","Meta","Uribe     ","","4","","","2","","1","#DIV/0!","4","2","0 ??/10","50%"
"50400","Meta","Lejanías     ","3","4","","1","1","","0","#DIV/0!","7","2","0 ??/10","29%"
"54125","Norte de Santander","Cácota     ","2","7","","1","2","","0.5","#DIV/0!","9","3","0 ??/10","33%"
"54520","Norte de Santander","Pamplonita     ","3","","","1","","","#DIV/0!","#DIV/0!","3","1","0 ??/10","33%"
"54871","Norte de Santander","Villa Caro    ","4","3","","1","1","","0","#DIV/0!","7","2","0 ??/10","29%"
"68176","Santander","Chima     ","","1","","","1","","1","#DIV/0!","1","1","1 ??/11","100%"
"68266","Santander","Enciso     ","","1","","","1","","1","#DIV/0!","1","1","1 ??/11","100%"
"68296","Santander","Galán     ","","2","","","1","","1","#DIV/0!","2","1","0 ??/10","50%"
"68425","Santander","Macaravita     ","","1","","","1","","1","#DIV/0!","1","1","1 ??/11","100%"
"68498","Santander","Ocamonte     ","","2","","","1","","1","#DIV/0!","2","1","0 ??/10","50%"
"70110","Sucre","Buenavista     ","","2","","","1","","1","#DIV/0!","2","1","0 ??/10","50%"
"70708","Sucre","San Marcos    ","","12","","","1","","1","#DIV/0!","12","1","0 ??/10","8%"
"73443","Tolima","Mariquita     ","","2","","","1","","1","#DIV/0!","2","1","0 ??/10","50%"
"85400","Casanare","Támara     ","","4","","","1","","1","#DIV/0!","4","1","0 ??/10","25%"
"91001","Amazonas","Leticia     ","","2","","","1","","1","#DIV/0!","2","1","0 ??/10","50%"
"94888","Guainía","Morichal     ","","3","","","1","","1","#DIV/0!","3","1","0 ??/10","33%"
"","","","52","1586","1715","42","852","953","0.95070422535211","0.10598111227702","3353","1775","1 ??/11","53%"
"99001","Vichada","Puerto Carreño    ","4","39","","2","20","","0.9","#DIV/0!","43","22","1 ??/11","51%"
"","","","","","","2460","","","","","","30043","",""
